period_monday,team_name,streak
1992-01-13,England,1
1992-01-20,England,2
1992-01-27,England,3
1992-02-03,England,4
1992-02-10,England,5
1992-02-17,England,6
1992-02-24,England,7
1992-03-02,England,8
1992-03-09,England,9
1992-03-16,England,10
1992-03-23,England,11
1992-03-30,England,12
1992-04-06,England,13
1992-04-13,England,14
1992-04-20,England,15
1992-04-27,England,16
1992-05-04,England,17
1992-05-11,England,18
1992-05-18,England,19
1992-05-25,England,20
1992-06-01,England,21
1992-06-08,England,22
1992-06-15,England,23
1992-06-22,England,24
1992-06-29,England,25
1992-07-06,England,26
1992-07-13,England,27
1992-07-20,England,28
1992-07-27,England,29
1992-08-03,England,30
1992-08-10,England,31
1992-08-17,England,32
1992-08-24,England,33
1992-08-31,England,34
1992-09-07,England,35
1992-09-14,England,36
1992-09-21,England,37
1992-09-28,England,38
1992-10-05,England,39
1992-10-12,England,40
1992-10-19,England,41
1992-10-26,England,42
1992-11-02,England,43
1992-11-09,England,44
1992-11-16,England,45
1992-11-23,England,46
1992-11-30,England,47
1992-12-07,England,48
1992-12-14,England,49
1992-12-21,England,50
1992-12-28,England,51
1993-01-04,England,52
1993-01-11,England,53
1993-01-18,England,54
1993-01-25,England,55
1993-02-01,England,56
1993-02-08,England,57
1993-02-15,England,58
1993-02-22,England,59
1993-03-01,England,60
1993-03-08,England,61
1993-03-15,England,62
1993-03-22,England,63
1993-03-29,England,64
1993-04-05,England,65
1993-04-12,England,66
1993-04-19,England,67
1993-04-26,Poland,1
1993-05-03,Poland,2
1993-05-10,Portugal,1
1993-05-17,Portugal,2
1993-05-24,Poland,1
1993-05-31,Poland,2
1993-06-07,Poland,3
1993-06-14,Poland,4
1993-06-21,Poland,5
1993-06-28,Poland,6
1993-07-05,Poland,7
1993-07-12,Poland,8
1993-07-19,Poland,9
1993-07-26,Poland,10
1993-08-02,Poland,11
1993-08-09,Poland,12
1993-08-16,Poland,13
1993-08-23,Poland,14
1993-08-30,Poland,15
1993-09-06,Poland,16
1993-09-13,Poland,17
1993-09-20,Poland,18
1993-09-27,Poland,19
1993-10-04,Poland,20
1993-10-11,Poland,21
1993-10-18,Poland,22
1993-10-25,Sweden,1
1993-11-01,Poland,1
1993-11-08,Poland,2
1993-11-15,Poland,3
1993-11-22,Poland,4
1993-11-29,Poland,5
1993-12-06,Poland,6
1993-12-13,Poland,7
1993-12-20,Poland,8
1993-12-27,Poland,9
1994-01-03,Poland,10
1994-01-10,Poland,11
1994-01-17,Poland,12
1994-01-24,Poland,13
1994-01-31,England,1
1994-02-07,England,2
1994-02-14,England,3
1994-02-21,England,4
1994-02-28,England,5
1994-03-07,England,6
1994-03-14,England,7
1994-03-21,England,8
1994-03-28,England,9
1994-04-04,England,10
1994-04-11,England,11
1994-04-18,Croatia,1
1994-04-25,Croatia,2
1994-05-02,Croatia,3
1994-05-09,Croatia,4
1994-05-16,Croatia,5
1994-05-23,Croatia,6
1994-05-30,Croatia,7
1994-06-06,Croatia,8
1994-06-13,Croatia,9
1994-06-20,Croatia,10
1994-06-27,Croatia,11
1994-07-04,Croatia,12
1994-07-11,Croatia,13
1994-07-18,Croatia,14
1994-07-25,Croatia,15
1994-08-01,Croatia,16
1994-08-08,Croatia,17
1994-08-15,Croatia,18
1994-08-22,Croatia,19
1994-08-29,Croatia,20
1994-09-05,Croatia,21
1994-09-12,Croatia,22
1994-09-19,Croatia,23
1994-09-26,Croatia,24
1994-10-03,Croatia,25
1994-10-10,Croatia,26
1994-10-17,Croatia,27
1994-10-24,Croatia,28
1994-10-31,Croatia,29
1994-11-07,Croatia,30
1994-11-14,Croatia,31
1994-11-21,Croatia,32
1994-11-28,Croatia,33
1994-12-05,Croatia,34
1994-12-12,Croatia,35
1994-12-19,Croatia,36
1994-12-26,Croatia,37
1995-01-02,Croatia,38
1995-01-09,Croatia,39
1995-01-16,England,1
1995-01-23,England,2
1995-01-30,England,3
1995-02-06,England,4
1995-02-13,England,5
1995-02-20,England,6
1995-02-27,England,7
1995-03-06,England,8
1995-03-13,England,9
1995-03-20,England,10
1995-03-27,England,11
1995-04-03,England,12
1995-04-10,England,13
1995-04-17,England,14
1995-04-24,England,15
1995-05-01,England,16
1995-05-08,England,17
1995-05-15,England,18
1995-05-22,England,19
1995-05-29,England,20
1995-06-05,England,21
1995-06-12,England,22
1995-06-19,England,23
1995-06-26,England,24
1995-07-03,England,25
1995-07-10,England,26
1995-07-17,England,27
1995-07-24,England,28
1995-07-31,England,29
1995-08-07,England,30
1995-08-14,England,31
1995-08-21,England,32
1995-08-28,England,33
1995-09-04,England,34
1995-09-11,England,35
1995-09-18,England,36
1995-09-25,England,37
1995-10-02,England,38
1995-10-09,England,39
1995-10-16,England,40
1995-10-23,England,41
1995-10-30,England,42
1995-11-06,England,43
1995-11-13,England,44
1995-11-20,England,45
1995-11-27,England,46
1995-12-04,England,47
1995-12-11,England,48
1995-12-18,England,49
1995-12-25,England,50
1996-01-01,England,51
1996-01-08,England,52
1996-01-15,England,53
1996-01-22,England,54
1996-01-29,England,55
1996-02-05,England,56
1996-02-12,England,57
1996-02-19,England,58
1996-02-26,England,59
1996-03-04,England,60
1996-03-11,England,61
1996-03-18,England,62
1996-03-25,England,63
1996-04-01,England,64
1996-04-08,England,65
1996-04-15,England,66
1996-04-22,England,67
1996-04-29,England,68
1996-05-06,England,69
1996-05-13,England,70
1996-05-20,England,71
1996-05-27,England,72
1996-06-03,England,73
1996-06-10,England,74
1996-06-17,England,75
1996-06-24,England,76
1996-07-01,New Zealand,1
1996-07-08,New Zealand,2
1996-07-15,New Zealand,3
1996-07-22,New Zealand,4
1996-07-29,New Zealand,5
1996-08-05,New Zealand,6
1996-08-12,New Zealand,7
1996-08-19,New Zealand,8
1996-08-26,New Zealand,9
1996-09-02,New Zealand,10
1996-09-09,New Zealand,11
1996-09-16,New Zealand,12
1996-09-23,New Zealand,13
1996-09-30,New Zealand,14
1996-10-07,New Zealand,15
1996-10-14,New Zealand,16
1996-10-21,New Zealand,17
1996-10-28,New Zealand,18
1996-11-04,New Zealand,19
1996-11-11,New Zealand,20
1996-11-18,New Zealand,21
1996-11-25,New Zealand,22
1996-12-02,New Zealand,23
1996-12-09,New Zealand,24
1996-12-16,New Zealand,25
1996-12-23,New Zealand,26
1996-12-30,New Zealand,27
1997-01-06,New Zealand,28
1997-01-13,New Zealand,29
1997-01-20,New Zealand,30
1997-01-27,New Zealand,31
1997-02-03,New Zealand,32
1997-02-10,New Zealand,33
1997-02-17,New Zealand,34
1997-02-24,New Zealand,35
1997-03-03,New Zealand,36
1997-03-10,New Zealand,37
1997-03-17,New Zealand,38
1997-03-24,New Zealand,39
1997-03-31,New Zealand,40
1997-04-07,New Zealand,41
1997-04-14,New Zealand,42
1997-04-21,New Zealand,43
1997-04-28,New Zealand,44
1997-05-05,New Zealand,45
1997-05-12,New Zealand,46
1997-05-19,New Zealand,47
1997-05-26,New Zealand,48
1997-06-02,New Zealand,49
1997-06-09,New Zealand,50
1997-06-16,New Zealand,51
1997-06-23,New Zealand,52
1997-06-30,New Zealand,53
1997-07-07,New Zealand,54
1997-07-14,New Zealand,55
1997-07-21,New Zealand,56
1997-07-28,New Zealand,57
1997-08-04,New Zealand,58
1997-08-11,New Zealand,59
1997-08-18,New Zealand,60
1997-08-25,New Zealand,61
1997-09-01,New Zealand,62
1997-09-08,New Zealand,63
1997-09-15,New Zealand,64
1997-09-22,New Zealand,65
1997-09-29,New Zealand,66
1997-10-06,New Zealand,67
1997-10-13,New Zealand,68
1997-10-20,New Zealand,69
1997-10-27,New Zealand,70
1997-11-03,New Zealand,71
1997-11-10,New Zealand,72
1997-11-17,New Zealand,73
1997-11-24,New Zealand,74
1997-12-01,New Zealand,75
1997-12-08,New Zealand,76
1997-12-15,New Zealand,77
1997-12-22,New Zealand,78
1997-12-29,New Zealand,79
1998-01-05,New Zealand,80
1998-01-12,New Zealand,81
1998-01-19,New Zealand,82
1998-01-26,New Zealand,83
1998-02-02,New Zealand,84
1998-02-09,New Zealand,85
1998-02-16,New Zealand,86
1998-02-23,New Zealand,87
1998-03-02,New Zealand,88
1998-03-09,New Zealand,89
1998-03-16,New Zealand,90
1998-03-23,New Zealand,91
1998-03-30,New Zealand,92
1998-04-06,New Zealand,93
1998-04-13,New Zealand,94
1998-04-20,New Zealand,95
1998-04-27,New Zealand,96
1998-05-04,New Zealand,97
1998-05-11,New Zealand,98
1998-05-18,New Zealand,99
1998-05-25,New Zealand,100
1998-06-01,New Zealand,101
1998-06-08,New Zealand,102
1998-06-15,New Zealand,103
1998-06-22,New Zealand,104
1998-06-29,New Zealand,105
1998-07-06,New Zealand,106
1998-07-13,New Zealand,107
1998-07-20,New Zealand,108
1998-07-27,New Zealand,109
1998-08-03,New Zealand,110
1998-08-10,New Zealand,111
1998-08-17,New Zealand,112
1998-08-24,New Zealand,113
1998-08-31,New Zealand,114
1998-09-07,New Zealand,115
1998-09-14,New Zealand,116
1998-09-21,New Zealand,117
1998-09-28,New Zealand,118
1998-10-05,New Zealand,119
1998-10-12,New Zealand,120
1998-10-19,New Zealand,121
1998-10-26,New Zealand,122
1998-11-02,New Zealand,123
1998-11-09,England,1
1998-11-16,England,2
1998-11-23,England,3
1998-11-30,England,4
1998-12-07,England,5
1998-12-14,England,6
1998-12-21,England,7
1998-12-28,England,8
1999-01-04,England,9
1999-01-11,England,10
1999-01-18,England,11
1999-01-25,England,12
1999-02-01,France,1
1999-02-08,France,2
1999-02-15,France,3
1999-02-22,France,4
1999-03-01,France,5
1999-03-08,France,6
1999-03-15,England,1
1999-03-22,England,2
1999-03-29,England,3
1999-04-05,England,4
1999-04-12,England,5
1999-04-19,England,6
1999-04-26,England,7
1999-05-03,England,8
1999-05-10,England,9
1999-05-17,England,10
1999-05-24,England,11
1999-05-31,England,12
1999-06-07,England,13
1999-06-14,England,14
1999-06-21,England,15
1999-06-28,England,16
1999-07-05,England,17
1999-07-12,England,18
1999-07-19,England,19
1999-07-26,England,20
1999-08-02,New Zealand,1
1999-08-09,New Zealand,2
1999-08-16,New Zealand,3
1999-08-23,New Zealand,4
1999-08-30,New Zealand,5
1999-09-06,New Zealand,6
1999-09-13,New Zealand,7
1999-09-20,New Zealand,8
1999-09-27,England,1
1999-10-04,New Zealand,1
1999-10-11,New Zealand,2
1999-10-18,New Zealand,3
1999-10-25,France,1
1999-11-01,France,2
1999-11-08,France,3
1999-11-15,France,4
1999-11-22,France,5
1999-11-29,France,6
1999-12-06,France,7
1999-12-13,France,8
1999-12-20,France,9
1999-12-27,France,10
2000-01-03,France,11
2000-01-10,France,12
2000-01-17,France,13
2000-01-24,France,14
2000-01-31,France,15
2000-02-07,France,16
2000-02-14,France,17
2000-02-21,France,18
2000-02-28,England,1
2000-03-06,England,2
2000-03-13,England,3
2000-03-20,England,4
2000-03-27,England,5
2000-04-03,England,6
2000-04-10,England,7
2000-04-17,England,8
2000-04-24,England,9
2000-05-01,England,10
2000-05-08,England,11
2000-05-15,England,12
2000-05-22,England,13
2000-05-29,England,14
2000-06-05,England,15
2000-06-12,England,16
2000-06-19,England,17
2000-06-26,England,18
2000-07-03,England,19
2000-07-10,New Zealand,1
2000-07-17,New Zealand,2
2000-07-24,Australia,1
2000-07-31,Australia,2
2000-08-07,Australia,3
2000-08-14,Australia,4
2000-08-21,Australia,5
2000-08-28,Australia,6
2000-09-04,Australia,7
2000-09-11,Australia,8
2000-09-18,Australia,9
2000-09-25,Australia,10
2000-10-02,Australia,11
2000-10-09,Australia,12
2000-10-16,Australia,13
2000-10-23,Australia,14
2000-10-30,Australia,15
2000-11-06,Australia,16
2000-11-13,Australia,17
2000-11-20,Australia,18
2000-11-27,Australia,19
2000-12-04,Australia,20
2000-12-11,Australia,21
2000-12-18,Australia,22
2000-12-25,Australia,23
2001-01-01,Australia,24
2001-01-08,Australia,25
2001-01-15,Australia,26
2001-01-22,Australia,27
2001-01-29,Australia,28
2001-02-05,Australia,29
2001-02-12,Australia,30
2001-02-19,Australia,31
2001-02-26,Australia,32
2001-03-05,Australia,33
2001-03-12,Australia,34
2001-03-19,Australia,35
2001-03-26,Australia,36
2001-04-02,England,1
2001-04-09,England,2
2001-04-16,England,3
2001-04-23,England,4
2001-04-30,England,5
2001-05-07,England,6
2001-05-14,England,7
2001-05-21,England,8
2001-05-28,England,9
2001-06-04,England,10
2001-06-11,England,11
2001-06-18,England,12
2001-06-25,England,13
2001-07-02,England,14
2001-07-09,England,15
2001-07-16,England,16
2001-07-23,England,17
2001-07-30,England,18
2001-08-06,England,19
2001-08-13,England,20
2001-08-20,England,21
2001-08-27,Australia,1
2001-09-03,Australia,2
2001-09-10,Australia,3
2001-09-17,Australia,4
2001-09-24,Australia,5
2001-10-01,Australia,6
2001-10-08,Australia,7
2001-10-15,Australia,8
2001-10-22,Australia,9
2001-10-29,Australia,10
2001-11-05,Australia,11
2001-11-12,Australia,12
2001-11-19,Australia,13
2001-11-26,Australia,14
2001-12-03,Australia,15
2001-12-10,Australia,16
2001-12-17,Australia,17
2001-12-24,Australia,18
2001-12-31,Australia,19
2002-01-07,Australia,20
2002-01-14,Australia,21
2002-01-21,Australia,22
2002-01-28,Australia,23
2002-02-04,Australia,24
2002-02-11,Australia,25
2002-02-18,Australia,26
2002-02-25,Australia,27
2002-03-04,Australia,28
2002-03-11,Australia,29
2002-03-18,Australia,30
2002-03-25,Australia,31
2002-04-01,Australia,32
2002-04-08,Australia,33
2002-04-15,Australia,34
2002-04-22,Australia,35
2002-04-29,Australia,36
2002-05-06,Australia,37
2002-05-13,Australia,38
2002-05-20,Australia,39
2002-05-27,Australia,40
2002-06-03,Australia,41
2002-06-10,Australia,42
2002-06-17,Australia,43
2002-06-24,Australia,44
2002-07-01,Australia,45
2002-07-08,Australia,46
2002-07-15,Australia,47
2002-07-22,Australia,48
2002-07-29,Australia,49
2002-08-05,Australia,50
2002-08-12,Australia,51
2002-08-19,Australia,52
2002-08-26,Australia,53
2002-09-02,Australia,54
2002-09-09,Australia,55
2002-09-16,Australia,56
2002-09-23,Australia,57
2002-09-30,Australia,58
2002-10-07,Australia,59
2002-10-14,Australia,60
2002-10-21,Australia,61
2002-10-28,Australia,62
2002-11-04,Australia,63
2002-11-11,Australia,64
2002-11-18,Australia,65
2002-11-25,Australia,66
2002-12-02,Australia,67
2002-12-09,Australia,68
2002-12-16,Australia,69
2002-12-23,Australia,70
2002-12-30,Australia,71
2003-01-06,Australia,72
2003-01-13,Australia,73
2003-01-20,Australia,74
2003-01-27,Australia,75
2003-02-03,Australia,76
2003-02-10,England,1
2003-02-17,England,2
2003-02-24,England,3
2003-03-03,England,4
2003-03-10,England,5
2003-03-17,England,6
2003-03-24,England,7
2003-03-31,England,8
2003-04-07,England,9
2003-04-14,England,10
2003-04-21,England,11
2003-04-28,England,12
2003-05-05,England,13
2003-05-12,England,14
2003-05-19,England,15
2003-05-26,England,16
2003-06-02,England,17
2003-06-09,England,18
2003-06-16,England,19
2003-06-23,England,20
2003-06-30,England,21
2003-07-07,England,22
2003-07-14,England,23
2003-07-21,England,24
2003-07-28,England,25
2003-08-04,England,26
2003-08-11,England,27
2003-08-18,England,28
2003-08-25,England,29
2003-09-01,England,30
2003-09-08,England,31
2003-09-15,England,32
2003-09-22,England,33
2003-09-29,England,34
2003-10-06,England,35
2003-10-13,England,36
2003-10-20,England,37
2003-10-27,England,38
2003-11-03,England,39
2003-11-10,England,40
2003-11-17,England,41
2003-11-24,England,42
2003-12-01,England,43
2003-12-08,England,44
2003-12-15,England,45
2003-12-22,England,46
2003-12-29,England,47
2004-01-05,England,48
2004-01-12,England,49
2004-01-19,England,50
2004-01-26,England,51
2004-02-02,England,52
2004-02-09,England,53
2004-02-16,England,54
2004-02-23,England,55
2004-03-01,England,56
2004-03-08,England,57
2004-03-15,England,58
2004-03-22,England,59
2004-03-29,England,60
2004-04-05,England,61
2004-04-12,England,62
2004-04-19,England,63
2004-04-26,England,64
2004-05-03,England,65
2004-05-10,England,66
2004-05-17,England,67
2004-05-24,England,68
2004-05-31,England,69
2004-06-07,England,70
2004-06-14,England,71
2004-06-21,England,72
2004-06-28,England,73
2004-07-05,England,74
2004-07-12,England,75
2004-07-19,England,76
2004-07-26,England,77
2004-08-02,England,78
2004-08-09,England,79
2004-08-16,England,80
2004-08-23,England,81
2004-08-30,England,82
2004-09-06,England,83
2004-09-13,England,84
2004-09-20,England,85
2004-09-27,England,86
2004-10-04,England,87
2004-10-11,England,88
2004-10-18,England,89
2004-10-25,England,90
2004-11-01,England,91
2004-11-08,England,92
2004-11-15,England,93
2004-11-22,England,94
2004-11-29,England,95
2004-12-06,England,96
2004-12-13,England,97
2004-12-20,England,98
2004-12-27,England,99
2005-01-03,England,100
2005-01-10,England,101
2005-01-17,England,102
2005-01-24,England,103
2005-01-31,England,104
2005-02-07,England,105
2005-02-14,England,106
2005-02-21,England,107
2005-02-28,England,108
2005-03-07,England,109
2005-03-14,England,110
2005-03-21,England,111
2005-03-28,England,112
2005-04-04,England,113
2005-04-11,England,114
2005-04-18,England,115
2005-04-25,England,116
2005-05-02,England,117
2005-05-09,England,118
2005-05-16,England,119
2005-05-23,England,120
2005-05-30,England,121
2005-06-06,England,122
2005-06-13,England,123
2005-06-20,England,124
2005-06-27,England,125
2005-07-04,England,126
2005-07-11,England,127
2005-07-18,England,128
2005-07-25,England,129
2005-08-01,England,130
2005-08-08,England,131
2005-08-15,England,132
2005-08-22,New Zealand,1
2005-08-29,New Zealand,2
2005-09-05,New Zealand,3
2005-09-12,New Zealand,4
2005-09-19,New Zealand,5
2005-09-26,New Zealand,6
2005-10-03,New Zealand,7
2005-10-10,New Zealand,8
2005-10-17,New Zealand,9
2005-10-24,New Zealand,10
2005-10-31,New Zealand,11
2005-11-07,New Zealand,12
2005-11-14,New Zealand,13
2005-11-21,New Zealand,14
2005-11-28,New Zealand,15
2005-12-05,New Zealand,16
2005-12-12,New Zealand,17
2005-12-19,New Zealand,18
2005-12-26,New Zealand,19
2006-01-02,New Zealand,20
2006-01-09,New Zealand,21
2006-01-16,New Zealand,22
2006-01-23,New Zealand,23
2006-01-30,New Zealand,24
2006-02-06,New Zealand,25
2006-02-13,New Zealand,26
2006-02-20,New Zealand,27
2006-02-27,New Zealand,28
2006-03-06,New Zealand,29
2006-03-13,New Zealand,30
2006-03-20,New Zealand,31
2006-03-27,New Zealand,32
2006-04-03,New Zealand,33
2006-04-10,New Zealand,34
2006-04-17,New Zealand,35
2006-04-24,New Zealand,36
2006-05-01,New Zealand,37
2006-05-08,New Zealand,38
2006-05-15,New Zealand,39
2006-05-22,New Zealand,40
2006-05-29,New Zealand,41
2006-06-05,New Zealand,42
2006-06-12,New Zealand,43
2006-06-19,New Zealand,44
2006-06-26,New Zealand,45
2006-07-03,New Zealand,46
2006-07-10,New Zealand,47
2006-07-17,New Zealand,48
2006-07-24,New Zealand,49
2006-07-31,New Zealand,50
2006-08-07,New Zealand,51
2006-08-14,New Zealand,52
2006-08-21,New Zealand,53
2006-08-28,New Zealand,54
2006-09-04,New Zealand,55
2006-09-11,New Zealand,56
2006-09-18,New Zealand,57
2006-09-25,New Zealand,58
2006-10-02,New Zealand,59
2006-10-09,New Zealand,60
2006-10-16,New Zealand,61
2006-10-23,New Zealand,62
2006-10-30,New Zealand,63
2006-11-06,New Zealand,64
2006-11-13,New Zealand,65
2006-11-20,New Zealand,66
2006-11-27,New Zealand,67
2006-12-04,New Zealand,68
2006-12-11,New Zealand,69
2006-12-18,New Zealand,70
2006-12-25,New Zealand,71
2007-01-01,New Zealand,72
2007-01-08,New Zealand,73
2007-01-15,New Zealand,74
2007-01-22,New Zealand,75
2007-01-29,New Zealand,76
2007-02-05,New Zealand,77
2007-02-12,New Zealand,78
2007-02-19,New Zealand,79
2007-02-26,New Zealand,80
2007-03-05,New Zealand,81
2007-03-12,New Zealand,82
2007-03-19,New Zealand,83
2007-03-26,New Zealand,84
2007-04-02,New Zealand,85
2007-04-09,New Zealand,86
2007-04-16,New Zealand,87
2007-04-23,New Zealand,88
2007-04-30,New Zealand,89
2007-05-07,New Zealand,90
2007-05-14,New Zealand,91
2007-05-21,New Zealand,92
2007-05-28,New Zealand,93
2007-06-04,New Zealand,94
2007-06-11,New Zealand,95
2007-06-18,New Zealand,96
2007-06-25,New Zealand,97
2007-07-02,New Zealand,98
2007-07-09,New Zealand,99
2007-07-16,New Zealand,100
2007-07-23,New Zealand,101
2007-07-30,New Zealand,102
2007-08-06,New Zealand,103
2007-08-13,New Zealand,104
2007-08-20,New Zealand,105
2007-08-27,New Zealand,106
2007-09-03,New Zealand,107
2007-09-10,New Zealand,108
2007-09-17,New Zealand,109
2007-09-24,New Zealand,110
2007-10-01,New Zealand,111
2007-10-08,New Zealand,112
2007-10-15,New Zealand,113
2007-10-22,New Zealand,114
2007-10-29,New Zealand,115
2007-11-05,New Zealand,116
2007-11-12,New Zealand,117
2007-11-19,New Zealand,118
2007-11-26,New Zealand,119
2007-12-03,New Zealand,120
2007-12-10,New Zealand,121
2007-12-17,New Zealand,122
2007-12-24,New Zealand,123
2007-12-31,New Zealand,124
2008-01-07,New Zealand,125
2008-01-14,New Zealand,126
2008-01-21,New Zealand,127
2008-01-28,New Zealand,128
2008-02-04,New Zealand,129
2008-02-11,New Zealand,130
2008-02-18,New Zealand,131
2008-02-25,New Zealand,132
2008-03-03,New Zealand,133
2008-03-10,New Zealand,134
2008-03-17,New Zealand,135
2008-03-24,New Zealand,136
2008-03-31,New Zealand,137
2008-04-07,New Zealand,138
2008-04-14,New Zealand,139
2008-04-21,New Zealand,140
2008-04-28,New Zealand,141
2008-05-05,New Zealand,142
2008-05-12,New Zealand,143
2008-05-19,New Zealand,144
2008-05-26,New Zealand,145
2008-06-02,New Zealand,146
2008-06-09,New Zealand,147
2008-06-16,New Zealand,148
2008-06-23,New Zealand,149
2008-06-30,New Zealand,150
2008-07-07,New Zealand,151
2008-07-14,New Zealand,152
2008-07-21,New Zealand,153
2008-07-28,New Zealand,154
2008-08-04,New Zealand,155
2008-08-11,New Zealand,156
2008-08-18,New Zealand,157
2008-08-25,New Zealand,158
2008-09-01,New Zealand,159
2008-09-08,New Zealand,160
2008-09-15,New Zealand,161
2008-09-22,New Zealand,162
2008-09-29,New Zealand,163
2008-10-06,New Zealand,164
2008-10-13,New Zealand,165
2008-10-20,New Zealand,166
2008-10-27,New Zealand,167
2008-11-03,New Zealand,168
2008-11-10,New Zealand,169
2008-11-17,New Zealand,170
2008-11-24,New Zealand,171
2008-12-01,New Zealand,172
2008-12-08,New Zealand,173
2008-12-15,New Zealand,174
2008-12-22,New Zealand,175
2008-12-29,New Zealand,176
2009-01-05,New Zealand,177
2009-01-12,New Zealand,178
2009-01-19,New Zealand,179
2009-01-26,New Zealand,180
2009-02-02,New Zealand,181
2009-02-09,New Zealand,182
2009-02-16,New Zealand,183
2009-02-23,New Zealand,184
2009-03-02,New Zealand,185
2009-03-09,New Zealand,186
2009-03-16,New Zealand,187
2009-03-23,New Zealand,188
2009-03-30,New Zealand,189
2009-04-06,New Zealand,190
2009-04-13,New Zealand,191
2009-04-20,New Zealand,192
2009-04-27,New Zealand,193
2009-05-04,New Zealand,194
2009-05-11,New Zealand,195
2009-05-18,New Zealand,196
2009-05-25,New Zealand,197
2009-06-01,New Zealand,198
2009-06-08,New Zealand,199
2009-06-15,New Zealand,200
2009-06-22,New Zealand,201
2009-06-29,New Zealand,202
2009-07-06,New Zealand,203
2009-07-13,New Zealand,204
2009-07-20,New Zealand,205
2009-07-27,New Zealand,206
2009-08-03,New Zealand,207
2009-08-10,New Zealand,208
2009-08-17,New Zealand,209
2009-08-24,New Zealand,210
2009-08-31,New Zealand,211
2009-09-07,New Zealand,212
2009-09-14,New Zealand,213
2009-09-21,New Zealand,214
2009-09-28,New Zealand,215
2009-10-05,New Zealand,216
2009-10-12,New Zealand,217
2009-10-19,New Zealand,218
2009-10-26,New Zealand,219
2009-11-02,New Zealand,220
2009-11-09,New Zealand,221
2009-11-16,New Zealand,222
2009-11-23,New Zealand,223
2009-11-30,New Zealand,224
2009-12-07,New Zealand,225
2009-12-14,New Zealand,226
2009-12-21,New Zealand,227
2009-12-28,New Zealand,228
2010-01-04,New Zealand,229
2010-01-11,New Zealand,230
2010-01-18,New Zealand,231
2010-01-25,New Zealand,232
2010-02-01,New Zealand,233
2010-02-08,New Zealand,234
2010-02-15,New Zealand,235
2010-02-22,New Zealand,236
2010-03-01,New Zealand,237
2010-03-08,New Zealand,238
2010-03-15,New Zealand,239
2010-03-22,New Zealand,240
2010-03-29,New Zealand,241
2010-04-05,New Zealand,242
2010-04-12,New Zealand,243
2010-04-19,New Zealand,244
2010-04-26,New Zealand,245
2010-05-03,New Zealand,246
2010-05-10,New Zealand,247
2010-05-17,New Zealand,248
2010-05-24,New Zealand,249
2010-05-31,New Zealand,250
2010-06-07,New Zealand,251
2010-06-14,New Zealand,252
2010-06-21,New Zealand,253
2010-06-28,New Zealand,254
2010-07-05,New Zealand,255
2010-07-12,New Zealand,256
2010-07-19,New Zealand,257
2010-07-26,New Zealand,258
2010-08-02,New Zealand,259
2010-08-09,New Zealand,260
2010-08-16,New Zealand,261
2010-08-23,New Zealand,262
2010-08-30,New Zealand,263
2010-09-06,New Zealand,264
2010-09-13,New Zealand,265
2010-09-20,New Zealand,266
2010-09-27,New Zealand,267
2010-10-04,New Zealand,268
2010-10-11,New Zealand,269
2010-10-18,New Zealand,270
2010-10-25,New Zealand,271
2010-11-01,New Zealand,272
2010-11-08,New Zealand,273
2010-11-15,New Zealand,274
2010-11-22,New Zealand,275
2010-11-29,New Zealand,276
2010-12-06,New Zealand,277
2010-12-13,New Zealand,278
2010-12-20,New Zealand,279
2010-12-27,New Zealand,280
2011-01-03,New Zealand,281
2011-01-10,New Zealand,282
2011-01-17,New Zealand,283
2011-01-24,New Zealand,284
2011-01-31,New Zealand,285
2011-02-07,New Zealand,286
2011-02-14,New Zealand,287
2011-02-21,New Zealand,288
2011-02-28,New Zealand,289
2011-03-07,New Zealand,290
2011-03-14,New Zealand,291
2011-03-21,New Zealand,292
2011-03-28,New Zealand,293
2011-04-04,New Zealand,294
2011-04-11,New Zealand,295
2011-04-18,New Zealand,296
2011-04-25,New Zealand,297
2011-05-02,New Zealand,298
2011-05-09,New Zealand,299
2011-05-16,New Zealand,300
2011-05-23,New Zealand,301
2011-05-30,New Zealand,302
2011-06-06,New Zealand,303
2011-06-13,New Zealand,304
2011-06-20,New Zealand,305
2011-06-27,New Zealand,306
2011-07-04,New Zealand,307
2011-07-11,New Zealand,308
2011-07-18,New Zealand,309
2011-07-25,New Zealand,310
2011-08-01,New Zealand,311
2011-08-08,New Zealand,312
2011-08-15,New Zealand,313
2011-08-22,New Zealand,314
2011-08-29,New Zealand,315
2011-09-05,New Zealand,316
2011-09-12,New Zealand,317
2011-09-19,New Zealand,318
2011-09-26,New Zealand,319
2011-10-03,New Zealand,320
2011-10-10,New Zealand,321
2011-10-17,New Zealand,322
2011-10-24,New Zealand,323
2011-10-31,New Zealand,324
2011-11-07,New Zealand,325
2011-11-14,New Zealand,326
2011-11-21,New Zealand,327
2011-11-28,New Zealand,328
2011-12-05,New Zealand,329
2011-12-12,New Zealand,330
2011-12-19,New Zealand,331
2011-12-26,New Zealand,332
2012-01-02,New Zealand,333
2012-01-09,New Zealand,334
2012-01-16,New Zealand,335
2012-01-23,New Zealand,336
2012-01-30,New Zealand,337
2012-02-06,New Zealand,338
2012-02-13,New Zealand,339
2012-02-20,New Zealand,340
2012-02-27,New Zealand,341
2012-03-05,New Zealand,342
2012-03-12,New Zealand,343
2012-03-19,New Zealand,344
2012-03-26,New Zealand,345
2012-04-02,New Zealand,346
2012-04-09,New Zealand,347
2012-04-16,New Zealand,348
2012-04-23,New Zealand,349
2012-04-30,New Zealand,350
2012-05-07,New Zealand,351
2012-05-14,New Zealand,352
2012-05-21,New Zealand,353
2012-05-28,New Zealand,354
2012-06-04,New Zealand,355
2012-06-11,New Zealand,356
2012-06-18,New Zealand,357
2012-06-25,New Zealand,358
2012-07-02,New Zealand,359
2012-07-09,New Zealand,360
2012-07-16,New Zealand,361
2012-07-23,New Zealand,362
2012-07-30,New Zealand,363
2012-08-06,New Zealand,364
2012-08-13,New Zealand,365
2012-08-20,New Zealand,366
2012-08-27,New Zealand,367
2012-09-03,New Zealand,368
2012-09-10,New Zealand,369
2012-09-17,New Zealand,370
2012-09-24,New Zealand,371
2012-10-01,New Zealand,372
2012-10-08,New Zealand,373
2012-10-15,New Zealand,374
2012-10-22,New Zealand,375
2012-10-29,New Zealand,376
2012-11-05,New Zealand,377
2012-11-12,New Zealand,378
2012-11-19,New Zealand,379
2012-11-26,New Zealand,380
2012-12-03,New Zealand,381
2012-12-10,New Zealand,382
2012-12-17,New Zealand,383
2012-12-24,New Zealand,384
2012-12-31,New Zealand,385
2013-01-07,New Zealand,386
2013-01-14,New Zealand,387
2013-01-21,New Zealand,388
2013-01-28,New Zealand,389
2013-02-04,New Zealand,390
2013-02-11,New Zealand,391
2013-02-18,New Zealand,392
2013-02-25,New Zealand,393
2013-03-04,New Zealand,394
2013-03-11,New Zealand,395
2013-03-18,New Zealand,396
2013-03-25,New Zealand,397
2013-04-01,New Zealand,398
2013-04-08,New Zealand,399
2013-04-15,New Zealand,400
2013-04-22,New Zealand,401
2013-04-29,New Zealand,402
2013-05-06,New Zealand,403
2013-05-13,New Zealand,404
2013-05-20,New Zealand,405
2013-05-27,New Zealand,406
2013-06-03,New Zealand,407
2013-06-10,New Zealand,408
2013-06-17,New Zealand,409
2013-06-24,New Zealand,410
2013-07-01,New Zealand,411
2013-07-08,New Zealand,412
2013-07-15,New Zealand,413
2013-07-22,New Zealand,414
2013-07-29,New Zealand,415
2013-08-05,New Zealand,416
2013-08-12,New Zealand,417
2013-08-19,New Zealand,418
2013-08-26,New Zealand,419
2013-09-02,New Zealand,420
2013-09-09,New Zealand,421
2013-09-16,New Zealand,422
2013-09-23,New Zealand,423
2013-09-30,New Zealand,424
2013-10-07,New Zealand,425
2013-10-14,New Zealand,426
2013-10-21,New Zealand,427
2013-10-28,New Zealand,428
2013-11-04,New Zealand,429
2013-11-11,New Zealand,430
2013-11-18,New Zealand,431
2013-11-25,New Zealand,432
2013-12-02,New Zealand,433
2013-12-09,New Zealand,434
2013-12-16,New Zealand,435
2013-12-23,New Zealand,436
2013-12-30,New Zealand,437
2014-01-06,New Zealand,438
2014-01-13,New Zealand,439
2014-01-20,New Zealand,440
2014-01-27,New Zealand,441
2014-02-03,New Zealand,442
2014-02-10,New Zealand,443
2014-02-17,New Zealand,444
2014-02-24,New Zealand,445
2014-03-03,New Zealand,446
2014-03-10,New Zealand,447
2014-03-17,New Zealand,448
2014-03-24,New Zealand,449
2014-03-31,New Zealand,450
2014-04-07,New Zealand,451
2014-04-14,New Zealand,452
2014-04-21,New Zealand,453
2014-04-28,New Zealand,454
2014-05-05,New Zealand,455
2014-05-12,New Zealand,456
2014-05-19,New Zealand,457
2014-05-26,New Zealand,458
2014-06-02,New Zealand,459
2014-06-09,New Zealand,460
2014-06-16,New Zealand,461
2014-06-23,New Zealand,462
2014-06-30,New Zealand,463
2014-07-07,New Zealand,464
2014-07-14,New Zealand,465
2014-07-21,New Zealand,466
2014-07-28,New Zealand,467
2014-08-04,New Zealand,468
2014-08-11,New Zealand,469
2014-08-18,New Zealand,470
2014-08-25,New Zealand,471
2014-09-01,New Zealand,472
2014-09-08,New Zealand,473
2014-09-15,New Zealand,474
2014-09-22,New Zealand,475
2014-09-29,New Zealand,476
2014-10-06,New Zealand,477
2014-10-13,New Zealand,478
2014-10-20,New Zealand,479
2014-10-27,New Zealand,480
2014-11-03,New Zealand,481
2014-11-10,New Zealand,482
2014-11-17,New Zealand,483
2014-11-24,New Zealand,484
2014-12-01,New Zealand,485
2014-12-08,New Zealand,486
2014-12-15,New Zealand,487
2014-12-22,New Zealand,488
2014-12-29,New Zealand,489
2015-01-05,New Zealand,490
2015-01-12,New Zealand,491
2015-01-19,New Zealand,492
2015-01-26,New Zealand,493
2015-02-02,New Zealand,494
2015-02-09,New Zealand,495
2015-02-16,New Zealand,496
2015-02-23,New Zealand,497
2015-03-02,New Zealand,498
2015-03-09,New Zealand,499
2015-03-16,New Zealand,500
2015-03-23,New Zealand,501
2015-03-30,New Zealand,502
2015-04-06,New Zealand,503
2015-04-13,New Zealand,504
2015-04-20,New Zealand,505
2015-04-27,New Zealand,506
2015-05-04,New Zealand,507
2015-05-11,New Zealand,508
2015-05-18,New Zealand,509
2015-05-25,New Zealand,510
2015-06-01,New Zealand,511
2015-06-08,New Zealand,512
2015-06-15,New Zealand,513
2015-06-22,New Zealand,514
2015-06-29,New Zealand,515
2015-07-06,New Zealand,516
2015-07-13,New Zealand,517
2015-07-20,New Zealand,518
2015-07-27,New Zealand,519
2015-08-03,New Zealand,520
2015-08-10,New Zealand,521
2015-08-17,New Zealand,522
2015-08-24,New Zealand,523
2015-08-31,New Zealand,524
2015-09-07,New Zealand,525
2015-09-14,New Zealand,526
2015-09-21,New Zealand,527
2015-09-28,New Zealand,528
2015-10-05,New Zealand,529
2015-10-12,New Zealand,530
2015-10-19,New Zealand,531
2015-10-26,New Zealand,532
2015-11-02,New Zealand,533
2015-11-09,New Zealand,534
2015-11-16,New Zealand,535
2015-11-23,New Zealand,536
2015-11-30,New Zealand,537
2015-12-07,New Zealand,538
2015-12-14,New Zealand,539
2015-12-21,New Zealand,540
2015-12-28,New Zealand,541
2016-01-04,New Zealand,542
2016-01-11,New Zealand,543
2016-01-18,New Zealand,544
2016-01-25,New Zealand,545
2016-02-01,New Zealand,546
2016-02-08,New Zealand,547
2016-02-15,New Zealand,548
2016-02-22,New Zealand,549
2016-02-29,New Zealand,550
2016-03-07,New Zealand,551
2016-03-14,New Zealand,552
2016-03-21,New Zealand,553
2016-03-28,New Zealand,554
2016-04-04,New Zealand,555
2016-04-11,New Zealand,556
2016-04-18,New Zealand,557
2016-04-25,New Zealand,558
2016-05-02,New Zealand,559
2016-05-09,New Zealand,560
2016-05-16,New Zealand,561
2016-05-23,New Zealand,562
2016-05-30,New Zealand,563
2016-06-06,New Zealand,564
2016-06-13,New Zealand,565
2016-06-20,New Zealand,566
2016-06-27,New Zealand,567
2016-07-04,New Zealand,568
2016-07-11,New Zealand,569
2016-07-18,New Zealand,570
2016-07-25,New Zealand,571
2016-08-01,New Zealand,572
2016-08-08,New Zealand,573
2016-08-15,New Zealand,574
2016-08-22,New Zealand,575
2016-08-29,New Zealand,576
2016-09-05,New Zealand,577
2016-09-12,New Zealand,578
2016-09-19,New Zealand,579
2016-09-26,New Zealand,580
2016-10-03,New Zealand,581
2016-10-10,New Zealand,582
2016-10-17,New Zealand,583
2016-10-24,New Zealand,584
2016-10-31,New Zealand,585
2016-11-07,New Zealand,586
2016-11-14,New Zealand,587
2016-11-21,New Zealand,588
2016-11-28,New Zealand,589
2016-12-05,New Zealand,590
2016-12-12,New Zealand,591
2016-12-19,New Zealand,592
2016-12-26,New Zealand,593
2017-01-02,New Zealand,594
2017-01-09,New Zealand,595
2017-01-16,New Zealand,596
2017-01-23,New Zealand,597
2017-01-30,New Zealand,598
2017-02-06,New Zealand,599
2017-02-13,New Zealand,600
2017-02-20,New Zealand,601
2017-02-27,New Zealand,602
2017-03-06,New Zealand,603
2017-03-13,New Zealand,604
2017-03-20,New Zealand,605
2017-03-27,New Zealand,606
2017-04-03,New Zealand,607
2017-04-10,New Zealand,608
2017-04-17,New Zealand,609
2017-04-24,New Zealand,610
2017-05-01,New Zealand,611
2017-05-08,New Zealand,612
2017-05-15,New Zealand,613
2017-05-22,New Zealand,614
2017-05-29,New Zealand,615
2017-06-05,New Zealand,616
2017-06-12,New Zealand,617
2017-06-19,New Zealand,618
2017-06-26,New Zealand,619
2017-07-03,New Zealand,620
2017-07-10,New Zealand,621
2017-07-17,New Zealand,622
2017-07-24,New Zealand,623
2017-07-31,New Zealand,624
2017-08-07,New Zealand,625
2017-08-14,New Zealand,626
2017-08-21,New Zealand,627
2017-08-28,New Zealand,628
2017-09-04,New Zealand,629
2017-09-11,New Zealand,630
2017-09-18,New Zealand,631
2017-09-25,New Zealand,632
2017-10-02,New Zealand,633
2017-10-09,New Zealand,634
2017-10-16,New Zealand,635
2017-10-23,New Zealand,636
2017-10-30,New Zealand,637
2017-11-06,New Zealand,638
2017-11-13,New Zealand,639
2017-11-20,New Zealand,640
2017-11-27,New Zealand,641
2017-12-04,New Zealand,642
2017-12-11,New Zealand,643
2017-12-18,New Zealand,644
2017-12-25,New Zealand,645
2018-01-01,New Zealand,646
2018-01-08,New Zealand,647
2018-01-15,New Zealand,648
2018-01-22,New Zealand,649
2018-01-29,New Zealand,650
2018-02-05,New Zealand,651
2018-02-12,New Zealand,652
2018-02-19,New Zealand,653
2018-02-26,New Zealand,654
2018-03-05,New Zealand,655
2018-03-12,New Zealand,656
2018-03-19,New Zealand,657
2018-03-26,New Zealand,658
2018-04-02,New Zealand,659
2018-04-09,New Zealand,660
2018-04-16,New Zealand,661
2018-04-23,New Zealand,662
2018-04-30,New Zealand,663
2018-05-07,New Zealand,664
2018-05-14,New Zealand,665
2018-05-21,New Zealand,666
2018-05-28,New Zealand,667
2018-06-04,New Zealand,668
2018-06-11,New Zealand,669
2018-06-18,New Zealand,670
2018-06-25,New Zealand,671
2018-07-02,New Zealand,672
2018-07-09,New Zealand,673
2018-07-16,New Zealand,674
2018-07-23,New Zealand,675
2018-07-30,New Zealand,676
2018-08-06,New Zealand,677
2018-08-13,New Zealand,678
2018-08-20,New Zealand,679
2018-08-27,New Zealand,680
2018-09-03,New Zealand,681
2018-09-10,New Zealand,682
2018-09-17,New Zealand,683
2018-09-24,New Zealand,684
2018-10-01,New Zealand,685
2018-10-08,New Zealand,686
2018-10-15,New Zealand,687
2018-10-22,New Zealand,688
2018-10-29,New Zealand,689
2018-11-05,New Zealand,690
2018-11-12,New Zealand,691
2018-11-19,New Zealand,692
2018-11-26,New Zealand,693
2018-12-03,New Zealand,694
2018-12-10,New Zealand,695
2018-12-17,New Zealand,696
2018-12-24,New Zealand,697
2018-12-31,New Zealand,698
2019-01-07,New Zealand,699
2019-01-14,New Zealand,700
2019-01-21,New Zealand,701
2019-01-28,New Zealand,702
2019-02-04,New Zealand,703
2019-02-11,New Zealand,704
2019-02-18,New Zealand,705
2019-02-25,New Zealand,706
2019-03-04,New Zealand,707
2019-03-11,New Zealand,708
2019-03-18,New Zealand,709
2019-03-25,New Zealand,710
2019-04-01,New Zealand,711
2019-04-08,New Zealand,712
2019-04-15,New Zealand,713
2019-04-22,New Zealand,714
2019-04-29,New Zealand,715
2019-05-06,New Zealand,716
2019-05-13,New Zealand,717
2019-05-20,New Zealand,718
2019-05-27,New Zealand,719
2019-06-03,New Zealand,720
2019-06-10,New Zealand,721
2019-06-17,New Zealand,722
2019-06-24,New Zealand,723
2019-07-01,New Zealand,724
2019-07-08,New Zealand,725
2019-07-15,New Zealand,726
2019-07-22,New Zealand,727
2019-07-29,New Zealand,728
2019-08-05,New Zealand,729
2019-08-12,New Zealand,730
2019-08-19,New Zealand,731
2019-08-26,New Zealand,732
2019-09-02,New Zealand,733
2019-09-09,New Zealand,734
2019-09-16,New Zealand,735
2019-09-23,New Zealand,736
2019-09-30,New Zealand,737
2019-10-07,New Zealand,738
2019-10-14,New Zealand,739
2019-10-21,New Zealand,740
2019-10-28,New Zealand,741
2019-11-04,New Zealand,742
2019-11-11,New Zealand,743
2019-11-18,New Zealand,744
2019-11-25,New Zealand,745
2019-12-02,New Zealand,746
2019-12-09,New Zealand,747
2019-12-16,New Zealand,748
2019-12-23,New Zealand,749
2019-12-30,New Zealand,750
2020-01-06,New Zealand,751
2020-01-13,New Zealand,752
2020-01-20,New Zealand,753
2020-01-27,New Zealand,754
2020-02-03,New Zealand,755
2020-02-10,New Zealand,756
2020-02-17,New Zealand,757
2020-02-24,New Zealand,758
2020-03-02,New Zealand,759
2020-03-09,New Zealand,760
2020-03-16,New Zealand,761
2020-03-23,New Zealand,762
2020-03-30,New Zealand,763
2020-04-06,New Zealand,764
2020-04-13,New Zealand,765
2020-04-20,New Zealand,766
2020-04-27,New Zealand,767
2020-05-04,New Zealand,768
2020-05-11,New Zealand,769
2020-05-18,New Zealand,770
2020-05-25,New Zealand,771
2020-06-01,New Zealand,772
2020-06-08,New Zealand,773
2020-06-15,New Zealand,774
2020-06-22,New Zealand,775
2020-06-29,New Zealand,776
2020-07-06,New Zealand,777
2020-07-13,New Zealand,778
2020-07-20,New Zealand,779
2020-07-27,New Zealand,780
2020-08-03,New Zealand,781
2020-08-10,New Zealand,782
2020-08-17,New Zealand,783
2020-08-24,New Zealand,784
2020-08-31,New Zealand,785
2020-09-07,New Zealand,786
2020-09-14,New Zealand,787
2020-09-21,New Zealand,788
2020-09-28,New Zealand,789
2020-10-05,New Zealand,790
2020-10-12,New Zealand,791
2020-10-19,New Zealand,792
2020-10-26,New Zealand,793
2020-11-02,New Zealand,794
2020-11-09,New Zealand,795
2020-11-16,New Zealand,796
2020-11-23,New Zealand,797
2020-11-30,New Zealand,798
2020-12-07,New Zealand,799
2020-12-14,New Zealand,800
2020-12-21,New Zealand,801
2020-12-28,New Zealand,802
2021-01-04,New Zealand,803
2021-01-11,New Zealand,804
2021-01-18,New Zealand,805
2021-01-25,New Zealand,806
2021-02-01,New Zealand,807
2021-02-08,New Zealand,808
2021-02-15,New Zealand,809
2021-02-22,New Zealand,810
2021-03-01,New Zealand,811
2021-03-08,New Zealand,812
2021-03-15,New Zealand,813
2021-03-22,New Zealand,814
2021-03-29,New Zealand,815
2021-04-05,New Zealand,816
2021-04-12,New Zealand,817
2021-04-19,New Zealand,818
2021-04-26,New Zealand,819
2021-05-03,New Zealand,820
2021-05-10,New Zealand,821
2021-05-17,New Zealand,822
2021-05-24,New Zealand,823
2021-05-31,New Zealand,824
2021-06-07,New Zealand,825
2021-06-14,New Zealand,826
2021-06-21,New Zealand,827
2021-06-28,New Zealand,828
2021-07-05,New Zealand,829
2021-07-12,New Zealand,830
2021-07-19,New Zealand,831
2021-07-26,New Zealand,832
2021-08-02,New Zealand,833
2021-08-09,New Zealand,834
2021-08-16,New Zealand,835
2021-08-23,New Zealand,836
2021-08-30,New Zealand,837
2021-09-06,New Zealand,838
2021-09-13,New Zealand,839
2021-09-20,New Zealand,840
2021-09-27,New Zealand,841
2021-10-04,New Zealand,842
2021-10-11,New Zealand,843
2021-10-18,New Zealand,844
2021-10-25,New Zealand,845
2021-11-01,New Zealand,846
2021-11-08,New Zealand,847
2021-11-15,New Zealand,848
2021-11-22,New Zealand,849
2021-11-29,New Zealand,850
2021-12-06,New Zealand,851
2021-12-13,New Zealand,852
2021-12-20,New Zealand,853
2021-12-27,New Zealand,854
2022-01-03,New Zealand,855
2022-01-10,New Zealand,856
2022-01-17,New Zealand,857
2022-01-24,New Zealand,858
2022-01-31,New Zealand,859
2022-02-07,New Zealand,860
2022-02-14,New Zealand,861
2022-02-21,New Zealand,862
2022-02-28,New Zealand,863
2022-03-07,New Zealand,864
2022-03-14,New Zealand,865
2022-03-21,New Zealand,866
2022-03-28,New Zealand,867
2022-04-04,New Zealand,868
2022-04-11,New Zealand,869
2022-04-18,New Zealand,870
2022-04-25,New Zealand,871
2022-05-02,New Zealand,872
2022-05-09,New Zealand,873
2022-05-16,New Zealand,874
2022-05-23,New Zealand,875
2022-05-30,New Zealand,876
2022-06-06,New Zealand,877
2022-06-13,New Zealand,878
2022-06-20,New Zealand,879
2022-06-27,New Zealand,880
2022-07-04,New Zealand,881
2022-07-11,New Zealand,882
2022-07-18,New Zealand,883
2022-07-25,New Zealand,884
2022-08-01,New Zealand,885
2022-08-08,New Zealand,886
2022-08-15,New Zealand,887
2022-08-22,New Zealand,888
2022-08-29,New Zealand,889
2022-09-05,New Zealand,890
2022-09-12,New Zealand,891
2022-09-19,New Zealand,892
2022-09-26,New Zealand,893
2022-10-03,New Zealand,894
2022-10-10,New Zealand,895
2022-10-17,New Zealand,896
2022-10-24,New Zealand,897
2022-10-31,New Zealand,898
2022-11-07,New Zealand,899
2022-11-14,New Zealand,900
2022-11-21,New Zealand,901
2022-11-28,New Zealand,902
2022-12-05,New Zealand,903
2022-12-12,New Zealand,904
2022-12-19,New Zealand,905
2022-12-26,New Zealand,906
2023-01-02,New Zealand,907
2023-01-09,New Zealand,908
2023-01-16,New Zealand,909
2023-01-23,New Zealand,910
2023-01-30,New Zealand,911
2023-02-06,New Zealand,912
2023-02-13,New Zealand,913
2023-02-20,New Zealand,914
2023-02-27,New Zealand,915
2023-03-06,New Zealand,916
2023-03-13,New Zealand,917
2023-03-20,New Zealand,918
2023-03-27,New Zealand,919
2023-04-03,New Zealand,920
2023-04-10,New Zealand,921
2023-04-17,New Zealand,922
2023-04-24,New Zealand,923
2023-05-01,New Zealand,924
2023-05-08,New Zealand,925
2023-05-15,New Zealand,926
2023-05-22,New Zealand,927
2023-05-29,New Zealand,928
2023-06-05,New Zealand,929
2023-06-12,New Zealand,930
2023-06-19,New Zealand,931
2023-06-26,New Zealand,932
2023-07-03,New Zealand,933
2023-07-10,New Zealand,934
2023-07-17,New Zealand,935
2023-07-24,New Zealand,936
2023-07-31,New Zealand,937
2023-08-07,New Zealand,938
2023-08-14,New Zealand,939
2023-08-21,New Zealand,940
2023-08-28,New Zealand,941
2023-09-04,New Zealand,942
2023-09-11,New Zealand,943
2023-09-18,Ireland,1
2023-09-25,Ireland,2
2023-10-02,Ireland,3
2023-10-09,Ireland,4
2023-10-16,New Zealand,1
2023-10-23,New Zealand,2
2023-10-30,New Zealand,3
2023-11-06,New Zealand,4
2023-11-13,New Zealand,5
2023-11-20,New Zealand,6
2023-11-27,New Zealand,7
2023-12-04,New Zealand,8
2023-12-11,New Zealand,9
2023-12-18,New Zealand,10
2023-12-25,New Zealand,11
2024-01-01,New Zealand,12
2024-01-08,New Zealand,13
2024-01-15,New Zealand,14
2024-01-22,New Zealand,15
2024-01-29,New Zealand,16
2024-02-05,New Zealand,17
2024-02-12,New Zealand,18
2024-02-19,New Zealand,19
2024-02-26,New Zealand,20
2024-03-04,New Zealand,21
2024-03-11,New Zealand,22
2024-03-18,New Zealand,23
2024-03-25,New Zealand,24
2024-04-01,New Zealand,25
2024-04-08,New Zealand,26
2024-04-15,New Zealand,27
2024-04-22,New Zealand,28
2024-04-29,New Zealand,29
2024-05-06,New Zealand,30
2024-05-13,New Zealand,31
2024-05-20,New Zealand,32
2024-05-27,New Zealand,33
2024-06-03,New Zealand,34
2024-06-10,New Zealand,35
2024-06-17,New Zealand,36
2024-06-24,New Zealand,37
2024-07-01,New Zealand,38
2024-07-08,New Zealand,39
2024-07-15,New Zealand,40
2024-07-22,New Zealand,41
2024-07-29,New Zealand,42
2024-08-05,New Zealand,43
2024-08-12,South Africa,1
